{
    "avg_prec": 0.7445377779180594,
    "roc_auc": 0.552800904839379
}