{
    "avg_prec": 0.6791314283786233,
    "roc_auc": 0.3820714280892885
}