{
    "avg_prec": 0.7668149895704794,
    "roc_auc": 0.3886679839359292
}