{
    "avg_prec": 0.3604404544353603,
    "roc_auc": 0.8703678082944377
}